Modelo,Accuracy,Precision,Recall,F1,AUC
Regresión Logística,0.6398401826484018,0.06114457831325301,0.8423236514522822,0.11401291771974165,0.7682544120318798
Random Forest,0.9971461187214612,0.9153846153846154,0.9875518672199171,0.9500998003992016,0.9972536370982316
XGBoost,0.994406392694064,0.8779527559055118,0.9253112033195021,0.901010101010101,0.9934498380237682
